{
    "modes": {
        "1": {
            "octave_name": "oct1",
            "octave_channel": 1
        },
        "2": {
            "octave_name": "oct1",
            "octave_channel": 2
        }
    },
    "lo_modes": {
        "1": {
            "mode_id": 1,
            "lo_freq": 5000000000,
            "gain": -5.0,
            "latest": 3
        },
        "2": {
            "mode_id": 2,
            "lo_freq": 3100000000.0,
            "gain": 8.5,
            "latest": 2
        },
        "3": {
            "mode_id": 1,
            "lo_freq": 5100000000,
            "gain": -20.0,
            "latest": 6
        }
    },
    "lo_cal": {
        "1": {
            "i0": -0.028632796094595903,
            "q0": 0.2,
            "dc_gain": -0.08874200595703108,
            "dc_phase": 0.15864422999007072,
            "temperature": 57.375,
            "timestamp": 1774710131.5616608,
            "method": "auto"
        },
        "2": {
            "i0": -0.010859802970010494,
            "q0": -0.013052012259852933,
            "dc_gain": 0.006338835461284109,
            "dc_phase": -0.052349729311732214,
            "temperature": 53.9375,
            "timestamp": 1774710140.4201276,
            "method": "auto"
        },
        "3": {
            "i0": -0.08430035590887043,
            "q0": 0.2578848538249351,
            "dc_gain": -0.08678706606143038,
            "dc_phase": 0.15926191603809497,
            "temperature": 57.375,
            "timestamp": 1774710418.1097834,
            "method": "auto"
        },
        "4": {
            "i0": -0.02429077656515906,
            "q0": 0.4924410182075677,
            "dc_gain": -0.07454884506660697,
            "dc_phase": 0.17187671742208868,
            "temperature": 57.375,
            "timestamp": 1774710546.7289789,
            "method": "auto"
        },
        "5": {
            "i0": -0.027196072906934946,
            "q0": 0.2967454658844502,
            "dc_gain": -0.08388660625952804,
            "dc_phase": 0.16636750365506084,
            "temperature": 57.375,
            "timestamp": 1774710653.611226,
            "method": "auto"
        },
        "6": {
            "i0": -0.028258759361942415,
            "q0": 0.5112265602383237,
            "dc_gain": -0.07143033024952017,
            "dc_phase": 0.16353521114214897,
            "temperature": 57.375,
            "timestamp": 1774710837.1278932,
            "method": "auto"
        }
    },
    "if_modes": {
        "1": {
            "lo_mode_id": 1,
            "if_freq": -88000000.0,
            "latest": 3
        },
        "2": {
            "lo_mode_id": 2,
            "if_freq": -21000000.0,
            "latest": 2
        },
        "3": {
            "lo_mode_id": 3,
            "if_freq": -188000000.0,
            "latest": 6
        }
    },
    "if_cal": {
        "1": {
            "gain": NaN,
            "phase": NaN,
            "temperature": 57.375,
            "timestamp": 1774710131.5706837,
            "method": "auto"
        },
        "2": {
            "gain": 0.029236438953409646,
            "phase": -0.2126586357215907,
            "temperature": 53.9375,
            "timestamp": 1774710140.4276454,
            "method": "auto"
        },
        "3": {
            "gain": NaN,
            "phase": NaN,
            "temperature": 57.375,
            "timestamp": 1774710418.143247,
            "method": "auto"
        },
        "4": {
            "gain": NaN,
            "phase": NaN,
            "temperature": 57.375,
            "timestamp": 1774710546.739499,
            "method": "auto"
        },
        "5": {
            "gain": 0.0,
            "phase": 0.0,
            "temperature": 57.375,
            "timestamp": 1774710653.6454427,
            "method": "auto"
        },
        "6": {
            "gain": NaN,
            "phase": NaN,
            "temperature": 57.375,
            "timestamp": 1774710837.163768,
            "method": "auto"
        }
    }
}