{
    "modes": {
        "1": {
            "octave_name": "oct1",
            "octave_channel": 1
        },
        "2": {
            "octave_name": "oct1",
            "octave_channel": 2
        },
        "3": {
            "octave_name": "oct1",
            "octave_channel": 4
        }
    },
    "lo_modes": {
        "1": {
            "mode_id": 1,
            "lo_freq": 6000000000,
            "gain": -20.0,
            "latest": 15
        },
        "2": {
            "mode_id": 2,
            "lo_freq": 4350000000.0,
            "gain": -1.5,
            "latest": 6
        },
        "3": {
            "mode_id": 3,
            "lo_freq": 4950000000.0,
            "gain": -1.5,
            "latest": 8
        },
        "4": {
            "mode_id": 2,
            "lo_freq": 4650000000.0,
            "gain": 0.0,
            "latest": 10
        },
        "5": {
            "mode_id": 3,
            "lo_freq": 4950000000.0,
            "gain": 10.0,
            "latest": 16
        },
        "6": {
            "mode_id": 2,
            "lo_freq": 4350000000.0,
            "gain": 0.0,
            "latest": 14
        }
    },
    "lo_cal": {
        "1": {
            "i0": -0.010845168245244846,
            "q0": 0.01778299601517182,
            "dc_gain": 0.009604590829104698,
            "dc_phase": -0.0032606548111286516,
            "temperature": 38.9375,
            "timestamp": 1752027246.332912,
            "method": "auto"
        },
        "2": {
            "i0": -0.007029978447492833,
            "q0": 0.0071053723114773044,
            "dc_gain": -0.013426985581547424,
            "dc_phase": 0.13088679779032739,
            "temperature": 38.1875,
            "timestamp": 1752027255.134471,
            "method": "auto"
        },
        "3": {
            "i0": -0.010855945420543646,
            "q0": 0.01767596790466246,
            "dc_gain": 0.009650298308600647,
            "dc_phase": -0.003621814528251893,
            "temperature": 40.4375,
            "timestamp": 1752027263.8481133,
            "method": "auto"
        },
        "4": {
            "i0": -0.005683145674521605,
            "q0": 0.012891050031941001,
            "dc_gain": 0.011363253217359759,
            "dc_phase": 0.1686715947871689,
            "temperature": 40.875,
            "timestamp": 1752027272.639095,
            "method": "auto"
        },
        "5": {
            "i0": -0.010734445972192797,
            "q0": 0.01702684196092763,
            "dc_gain": 0.01087555320477862,
            "dc_phase": -0.009360069333249978,
            "temperature": 55.75,
            "timestamp": 1752033756.858158,
            "method": "auto"
        },
        "6": {
            "i0": -0.007136436944540802,
            "q0": 0.007550715044676606,
            "dc_gain": -0.008983063220027954,
            "dc_phase": 0.12512902690440447,
            "temperature": 52.4375,
            "timestamp": 1752033763.6494267,
            "method": "auto"
        },
        "7": {
            "i0": -0.010699071976686583,
            "q0": 0.017162012751601983,
            "dc_gain": 0.010754941442005395,
            "dc_phase": -0.009222141327519607,
            "temperature": 55.75,
            "timestamp": 1752033771.684963,
            "method": "auto"
        },
        "8": {
            "i0": -0.00534251078646613,
            "q0": 0.012833498954300008,
            "dc_gain": 0.011535796922271135,
            "dc_phase": 0.16992362699835953,
            "temperature": 54.25,
            "timestamp": 1752033778.1856792,
            "method": "auto"
        },
        "9": {
            "i0": -0.010746514882956974,
            "q0": 0.017052646732640713,
            "dc_gain": 0.010936764511513486,
            "dc_phase": -0.009166983569733585,
            "temperature": 55.875,
            "timestamp": 1752039069.2883062,
            "method": "auto"
        },
        "10": {
            "i0": -0.003661979474881506,
            "q0": 0.010792830129400141,
            "dc_gain": 0.009875147236959592,
            "dc_phase": 0.14087735225506587,
            "temperature": 52.4375,
            "timestamp": 1752039076.3694816,
            "method": "auto"
        },
        "11": {
            "i0": -0.010825250916579456,
            "q0": 0.017087435697590983,
            "dc_gain": 0.010860581270684122,
            "dc_phase": -0.009251741169605724,
            "temperature": 55.9375,
            "timestamp": 1752039083.3935046,
            "method": "auto"
        },
        "12": {
            "i0": -0.005302726580849161,
            "q0": 0.012837406259817299,
            "dc_gain": 0.015407359593891501,
            "dc_phase": 0.17882402721999588,
            "temperature": 54.3125,
            "timestamp": 1752039090.2228212,
            "method": "auto"
        },
        "13": {
            "i0": -0.010919389367699737,
            "q0": 0.01770755945727741,
            "dc_gain": 0.011157196259629965,
            "dc_phase": -0.009879632787741885,
            "temperature": 55.5625,
            "timestamp": 1752570750.8926332,
            "method": "auto"
        },
        "14": {
            "i0": -0.007016070300701567,
            "q0": 0.007544328392505928,
            "dc_gain": -0.009612701598291085,
            "dc_phase": 0.12414415732797293,
            "temperature": 52.25,
            "timestamp": 1752570758.6658773,
            "method": "auto"
        },
        "15": {
            "i0": -0.010986743537699318,
            "q0": 0.017754625341343585,
            "dc_gain": 0.010667413071353327,
            "dc_phase": -0.009930530640567162,
            "temperature": 55.5625,
            "timestamp": 1752570766.445141,
            "method": "auto"
        },
        "16": {
            "i0": -0.005272587175316636,
            "q0": 0.012816590528423568,
            "dc_gain": 0.01498222781622971,
            "dc_phase": 0.17699737402536062,
            "temperature": 54.4375,
            "timestamp": 1752570774.3782425,
            "method": "auto"
        }
    },
    "if_modes": {
        "1": {
            "lo_mode_id": 1,
            "if_freq": -225850000.0,
            "latest": 5
        },
        "2": {
            "lo_mode_id": 2,
            "if_freq": 230000000.0,
            "latest": 6
        },
        "3": {
            "lo_mode_id": 1,
            "if_freq": -104800000.0,
            "latest": 11
        },
        "4": {
            "lo_mode_id": 3,
            "if_freq": -63000000.0,
            "latest": 8
        },
        "5": {
            "lo_mode_id": 1,
            "if_freq": -226000000.0,
            "latest": 9
        },
        "6": {
            "lo_mode_id": 4,
            "if_freq": 3000000.0,
            "latest": 10
        },
        "7": {
            "lo_mode_id": 5,
            "if_freq": -63000000.0,
            "latest": 16
        },
        "8": {
            "lo_mode_id": 1,
            "if_freq": -226300000.0,
            "latest": 13
        },
        "9": {
            "lo_mode_id": 6,
            "if_freq": 50000000.0,
            "latest": 14
        },
        "10": {
            "lo_mode_id": 1,
            "if_freq": -105550000.0,
            "latest": 15
        }
    },
    "if_cal": {
        "1": {
            "gain": 0.009110994484755748,
            "phase": -0.048973052837941886,
            "temperature": 38.9375,
            "timestamp": 1752027246.3402867,
            "method": "auto"
        },
        "2": {
            "gain": -0.008852179017221563,
            "phase": 0.06336726616804336,
            "temperature": 38.1875,
            "timestamp": 1752027255.1386223,
            "method": "auto"
        },
        "3": {
            "gain": 0.004778576763964602,
            "phase": -0.022714297250852236,
            "temperature": 40.4375,
            "timestamp": 1752027263.882058,
            "method": "auto"
        },